{"mean":{"confidence_interval":{"confidence_level":0.95,"lower_bound":-0.024479290786064672,"upper_bound":-0.0062033763396456085},"point_estimate":-0.015112509484409342,"standard_error":0.0046775078953305675},"median":{"confidence_interval":{"confidence_level":0.95,"lower_bound":-0.01829405520475158,"upper_bound":-0.004143917838705269},"point_estimate":-0.012359440754212914,"standard_error":0.00346971084914535}}