{"mean":{"confidence_interval":{"confidence_level":0.95,"lower_bound":0.6323360892308231,"upper_bound":0.7517238491341931},"point_estimate":0.6858144755298148,"standard_error":0.0286758259586617},"median":{"confidence_interval":{"confidence_level":0.95,"lower_bound":0.5706427215029481,"upper_bound":0.6787302881927038},"point_estimate":0.6087852578019728,"standard_error":0.027842372130007134}}