{"mean":{"confidence_interval":{"confidence_level":0.95,"lower_bound":0.07008184784378513,"upper_bound":0.19922905051417394},"point_estimate":0.12915493933833244,"standard_error":0.03245815422310326},"median":{"confidence_interval":{"confidence_level":0.95,"lower_bound":0.045401169692273875,"upper_bound":0.22043885952661477},"point_estimate":0.10134757841477526,"standard_error":0.04497066463928657}}