{"mean":{"confidence_interval":{"confidence_level":0.95,"lower_bound":11227421.481049998,"upper_bound":11528685.234149998},"point_estimate":11378569.248,"standard_error":76649.41081911288},"median":{"confidence_interval":{"confidence_level":0.95,"lower_bound":11320545.8,"upper_bound":11557095.8},"point_estimate":11413912.5,"standard_error":71629.18147491146},"median_abs_dev":{"confidence_interval":{"confidence_level":0.95,"lower_bound":408591.80238604464,"upper_bound":691818.8057577616},"point_estimate":560509.37388897,"standard_error":69298.29123446252},"slope":null,"std_dev":{"confidence_interval":{"confidence_level":0.95,"lower_bound":599189.4969990166,"upper_bound":937449.5338894752},"point_estimate":771473.8447025844,"standard_error":86827.37456642263}}