{"mean":{"confidence_interval":{"confidence_level":0.95,"lower_bound":-0.027634302108805908,"upper_bound":0.0041616866260669},"point_estimate":-0.009521525574931466,"standard_error":0.00816638106723858},"median":{"confidence_interval":{"confidence_level":0.95,"lower_bound":-0.011397686624670778,"upper_bound":0.003053942436274857},"point_estimate":-0.0033840562296237886,"standard_error":0.003970453229398979}}