{"mean":{"confidence_interval":{"confidence_level":0.95,"lower_bound":0.003886359500271436,"upper_bound":0.040357649326451604},"point_estimate":0.020922740773714255,"standard_error":0.009811380750559635},"median":{"confidence_interval":{"confidence_level":0.95,"lower_bound":-0.0022028255999624324,"upper_bound":0.01442127497074952},"point_estimate":0.0049119292906494305,"standard_error":0.00469798642162391}}