{"mean":{"confidence_interval":{"confidence_level":0.95,"lower_bound":-0.009804927523938209,"upper_bound":0.020806014487032384},"point_estimate":0.0030807773359693424,"standard_error":0.00783700679137615},"median":{"confidence_interval":{"confidence_level":0.95,"lower_bound":-0.002575708784635977,"upper_bound":0.00737801991831688},"point_estimate":0.0026144515136186097,"standard_error":0.0024097972796626728}}