{"mean":{"confidence_interval":{"confidence_level":0.95,"lower_bound":0.0674533243721624,"upper_bound":0.186183996238184},"point_estimate":0.12449404397538943,"standard_error":0.0300276281086199},"median":{"confidence_interval":{"confidence_level":0.95,"lower_bound":0.08860556333375658,"upper_bound":0.20645779554213872},"point_estimate":0.13482437126735736,"standard_error":0.03126434971843896}}