{"mean":{"confidence_interval":{"confidence_level":0.95,"lower_bound":0.2401422998169397,"upper_bound":0.3476667949350363},"point_estimate":0.2849703781542767,"standard_error":0.027070473323573943},"median":{"confidence_interval":{"confidence_level":0.95,"lower_bound":0.18423999213884712,"upper_bound":0.25264524553875156},"point_estimate":0.20756018509471041,"standard_error":0.016770857889274834}}