{"mean":{"confidence_interval":{"confidence_level":0.95,"lower_bound":0.1885595100268594,"upper_bound":0.2893231664784445},"point_estimate":0.23571880820959978,"standard_error":0.02540247112166112},"median":{"confidence_interval":{"confidence_level":0.95,"lower_bound":0.1567558891383778,"upper_bound":0.17485627072267707},"point_estimate":0.1648258292948246,"standard_error":0.004945480569775723}}