{"mean":{"confidence_interval":{"confidence_level":0.95,"lower_bound":0.1481486090633748,"upper_bound":0.274681428517447},"point_estimate":0.21050669909314323,"standard_error":0.03226254093892756},"median":{"confidence_interval":{"confidence_level":0.95,"lower_bound":0.21840566833591765,"upper_bound":0.3013876575153378},"point_estimate":0.25924392851014266,"standard_error":0.020622132069234418}}