{"mean":{"confidence_interval":{"confidence_level":0.95,"lower_bound":0.005435884988220204,"upper_bound":0.07108312466495205},"point_estimate":0.029180049432712574,"standard_error":0.016488954130790802},"median":{"confidence_interval":{"confidence_level":0.95,"lower_bound":-0.011960168843768715,"upper_bound":0.0023474418907692093},"point_estimate":-0.006915293316912763,"standard_error":0.0038349833377836714}}