{"mean":{"confidence_interval":{"confidence_level":0.95,"lower_bound":-0.025243608359218572,"upper_bound":-0.016185535235859118},"point_estimate":-0.020673733212949408,"standard_error":0.00231032619097647},"median":{"confidence_interval":{"confidence_level":0.95,"lower_bound":-0.020905435076848056,"upper_bound":-0.015639801946070505},"point_estimate":-0.018731802830060373,"standard_error":0.0013521861613550962}}