{"mean":{"confidence_interval":{"confidence_level":0.95,"lower_bound":-0.01938024167268207,"upper_bound":0.013821154354384295},"point_estimate":-0.0023141335060279378,"standard_error":0.008472654693812335},"median":{"confidence_interval":{"confidence_level":0.95,"lower_bound":-0.013722100634446906,"upper_bound":0.004737659336082971},"point_estimate":-0.00957705389151886,"standard_error":0.004252435682491604}}