{"mean":{"confidence_interval":{"confidence_level":0.95,"lower_bound":-0.026371413844533818,"upper_bound":-0.005297372081917915},"point_estimate":-0.015266408891445482,"standard_error":0.005388656037136023},"median":{"confidence_interval":{"confidence_level":0.95,"lower_bound":-0.0029554017674488374,"upper_bound":0.007850488547994602},"point_estimate":0.004496095119922661,"standard_error":0.0028561342117653047}}