{"mean":{"confidence_interval":{"confidence_level":0.95,"lower_bound":10048010.920750001,"upper_bound":10402618.9544},"point_estimate":10221962.602000002,"standard_error":90391.86413762798},"median":{"confidence_interval":{"confidence_level":0.95,"lower_bound":9995166.4,"upper_bound":10506892.0},"point_estimate":10220779.1,"standard_error":120940.76806715345},"median_abs_dev":{"confidence_interval":{"confidence_level":0.95,"lower_bound":704685.9944093244,"upper_bound":1117462.279548079},"point_estimate":872738.701425791,"standard_error":105205.81598003267},"slope":null,"std_dev":{"confidence_interval":{"confidence_level":0.95,"lower_bound":761480.52644009,"upper_bound":1072339.0539426063},"point_estimate":909133.4274201464,"standard_error":80575.54947815342}}