{"mean":{"confidence_interval":{"confidence_level":0.95,"lower_bound":-0.0016747403976904768,"upper_bound":0.0724200638614377},"point_estimate":0.024961227679476172,"standard_error":0.021612670870411188},"median":{"confidence_interval":{"confidence_level":0.95,"lower_bound":-0.0017131856930763948,"upper_bound":0.005567048173933831},"point_estimate":0.0012131811621036714,"standard_error":0.002048511402434714}}