{"mean":{"confidence_interval":{"confidence_level":0.95,"lower_bound":0.27182557604386276,"upper_bound":0.357918794565953},"point_estimate":0.3161304827389324,"standard_error":0.02315059028369958},"median":{"confidence_interval":{"confidence_level":0.95,"lower_bound":0.22222595605796025,"upper_bound":0.2601899942449486},"point_estimate":0.23004686907203675,"standard_error":0.009899855257564186}}