{"mean":{"confidence_interval":{"confidence_level":0.95,"lower_bound":0.13044273619418073,"upper_bound":0.25326525596882005},"point_estimate":0.19044535353158554,"standard_error":0.03127365214660132},"median":{"confidence_interval":{"confidence_level":0.95,"lower_bound":0.17638431857427217,"upper_bound":0.29202492400382973},"point_estimate":0.2427676116358708,"standard_error":0.029359901621665855}}