{"mean":{"confidence_interval":{"confidence_level":0.95,"lower_bound":-0.07034006990274137,"upper_bound":-0.047401415851698325},"point_estimate":-0.05858456219765462,"standard_error":0.0058447890542772},"median":{"confidence_interval":{"confidence_level":0.95,"lower_bound":-0.04840697805454669,"upper_bound":-0.03140046307814859},"point_estimate":-0.037979828257284964,"standard_error":0.004134662478303549}}