{"mean":{"confidence_interval":{"confidence_level":0.95,"lower_bound":385699.6348741624,"upper_bound":388180.908597036},"point_estimate":386887.68340141774,"standard_error":633.1225201638508},"median":{"confidence_interval":{"confidence_level":0.95,"lower_bound":383969.23913043475,"upper_bound":386634.5128472222},"point_estimate":385334.9973404255,"standard_error":673.1034515180746},"median_abs_dev":{"confidence_interval":{"confidence_level":0.95,"lower_bound":3493.174015256507,"upper_bound":5632.869113310189},"point_estimate":4266.648033046325,"standard_error":543.4824040734894},"slope":{"confidence_interval":{"confidence_level":0.95,"lower_bound":385067.36834870133,"upper_bound":388503.34762268356},"point_estimate":386694.09251071373,"standard_error":876.6076688725482},"std_dev":{"confidence_interval":{"confidence_level":0.95,"lower_bound":4936.086661800477,"upper_bound":7590.990210756502},"point_estimate":6363.0857689115555,"standard_error":680.1250773912209}}