{"mean":{"confidence_interval":{"confidence_level":0.95,"lower_bound":937.1784966018732,"upper_bound":941.1756309439179},"point_estimate":939.0416669965383,"standard_error":1.023197308976903},"median":{"confidence_interval":{"confidence_level":0.95,"lower_bound":934.2798845043311,"upper_bound":936.7562911615533},"point_estimate":934.9098248036713,"standard_error":0.6105087874878674},"median_abs_dev":{"confidence_interval":{"confidence_level":0.95,"lower_bound":2.513860766131318,"upper_bound":5.595654768513911},"point_estimate":3.387278061959075,"standard_error":0.7972122367066784},"slope":{"confidence_interval":{"confidence_level":0.95,"lower_bound":938.0128773136823,"upper_bound":944.2260772440203},"point_estimate":940.886304859696,"standard_error":1.5976972416808195},"std_dev":{"confidence_interval":{"confidence_level":0.95,"lower_bound":7.170741958170671,"upper_bound":13.224592119845912},"point_estimate":10.296906783248282,"standard_error":1.5552277159743741}}