{"mean":{"confidence_interval":{"confidence_level":0.95,"lower_bound":0.0007513964982658796,"upper_bound":0.04036119505696286},"point_estimate":0.020131954096827887,"standard_error":0.010084260751080551},"median":{"confidence_interval":{"confidence_level":0.95,"lower_bound":0.006832222793325293,"upper_bound":0.04432045162909115},"point_estimate":0.020194384822205924,"standard_error":0.00937194329594708}}