{"mean":{"confidence_interval":{"confidence_level":0.95,"lower_bound":130572.29243013183,"upper_bound":133673.18346102876},"point_estimate":131848.7287126352,"standard_error":807.2254465898087},"median":{"confidence_interval":{"confidence_level":0.95,"lower_bound":129526.59711585968,"upper_bound":130794.47817460318},"point_estimate":130207.1230799373,"standard_error":305.0891898639078},"median_abs_dev":{"confidence_interval":{"confidence_level":0.95,"lower_bound":1241.8783345512286,"upper_bound":2384.640954595979},"point_estimate":1914.957467095369,"standard_error":279.05334493955047},"slope":{"confidence_interval":{"confidence_level":0.95,"lower_bound":130650.58662001678,"upper_bound":137331.57414220384},"point_estimate":133192.06858689227,"standard_error":1810.747759933111},"std_dev":{"confidence_interval":{"confidence_level":0.95,"lower_bound":2801.589240384913,"upper_bound":12958.615971869523},"point_estimate":8126.666724978523,"standard_error":3089.6676701041483}}