{"mean":{"confidence_interval":{"confidence_level":0.95,"lower_bound":-0.013025407647194044,"upper_bound":0.027198653713968582},"point_estimate":0.008198735261881973,"standard_error":0.010223453640987116},"median":{"confidence_interval":{"confidence_level":0.95,"lower_bound":-0.003521828625984047,"upper_bound":0.013610696651969123},"point_estimate":0.00723663430942012,"standard_error":0.004580516568609209}}