{"mean":{"confidence_interval":{"confidence_level":0.95,"lower_bound":8751.483601111842,"upper_bound":9390.1342016059},"point_estimate":9040.822929529633,"standard_error":163.24656544885565},"median":{"confidence_interval":{"confidence_level":0.95,"lower_bound":8332.693221193222,"upper_bound":8966.127027027027},"point_estimate":8541.128246378246,"standard_error":153.10357922564728},"median_abs_dev":{"confidence_interval":{"confidence_level":0.95,"lower_bound":607.466523231177,"upper_bound":1170.712294813504},"point_estimate":894.6268614938097,"standard_error":144.92702566975206},"slope":{"confidence_interval":{"confidence_level":0.95,"lower_bound":8726.775563184818,"upper_bound":9120.619540553034},"point_estimate":8924.49710111471,"standard_error":100.26234030416231},"std_dev":{"confidence_interval":{"confidence_level":0.95,"lower_bound":865.3251109477799,"upper_bound":2243.0758628082367},"point_estimate":1641.2767408074747,"standard_error":339.9147684994885}}