{"mean":{"confidence_interval":{"confidence_level":0.95,"lower_bound":-0.013791959996407555,"upper_bound":0.0973540223684729},"point_estimate":0.038102684672374654,"standard_error":0.027770519192911503},"median":{"confidence_interval":{"confidence_level":0.95,"lower_bound":-0.005254695374356966,"upper_bound":0.02896113434909644},"point_estimate":0.005985544242644192,"standard_error":0.008674725529611415}}