{"mean":{"confidence_interval":{"confidence_level":0.95,"lower_bound":4816507.97205,"upper_bound":5121409.02345},"point_estimate":4955986.280000003,"standard_error":77607.04858088902},"median":{"confidence_interval":{"confidence_level":0.95,"lower_bound":4790167.0,"upper_bound":4962875.0},"point_estimate":4859537.5,"standard_error":46217.81570295505},"median_abs_dev":{"confidence_interval":{"confidence_level":0.95,"lower_bound":265762.2722017768,"upper_bound":471368.19873154163},"point_estimate":351716.005675793,"standard_error":52048.70845447046},"slope":null,"std_dev":{"confidence_interval":{"confidence_level":0.95,"lower_bound":440579.9494282911,"upper_bound":1095016.4902661406},"point_estimate":780835.450281266,"standard_error":170490.18257565144}}