{"mean":{"confidence_interval":{"confidence_level":0.95,"lower_bound":-0.04734967627077053,"upper_bound":-0.010050880479744116},"point_estimate":-0.025927433729913685,"standard_error":0.00966005528151283},"median":{"confidence_interval":{"confidence_level":0.95,"lower_bound":-0.03173614508510425,"upper_bound":-0.020349057485414268},"point_estimate":-0.027173985956163715,"standard_error":0.003016140879244509}}