{"mean":{"confidence_interval":{"confidence_level":0.95,"lower_bound":-0.044792427289156854,"upper_bound":0.0035113054405323104},"point_estimate":-0.0214321602760712,"standard_error":0.012278593531800651},"median":{"confidence_interval":{"confidence_level":0.95,"lower_bound":-0.07389079929247955,"upper_bound":-0.0071915557756532245},"point_estimate":-0.03944425964608056,"standard_error":0.01671388614869521}}