{"mean":{"confidence_interval":{"confidence_level":0.95,"lower_bound":-0.12323131229665397,"upper_bound":-0.05900469664102344},"point_estimate":-0.0859941056225273,"standard_error":0.01679222482497133},"median":{"confidence_interval":{"confidence_level":0.95,"lower_bound":-0.07975851345152318,"upper_bound":-0.03861714187965337},"point_estimate":-0.05389582868495035,"standard_error":0.010187503642944684}}